Nama Cabang,Provinsi
TLGTEU,JAWA TIMUR
MADSAP,JAWA TIMUR
MJKSUD,JAWA TIMUR
KDRJOY,JAWA TIMUR
SKTMAW,JAWA TENGAH
SMNBAB,DAERAH ISTIMEWA YOGYAKARTA
PNGDIP,JAWA TIMUR
BLTKAL,JAWA TIMUR
PASSLA,JAWA TIMUR
MLGKEN,JAWA TIMUR
JBGURI,JAWA TIMUR
JOGCOL,JAWA TENGAH
NGWDIP,JAWA TIMUR
JMRSUM,JAWA TIMUR
SKHSOE,JAWA TENGAH
MLGJAK,JAWA TIMUR
MLGCIL,JAWA TIMUR
YYKTAM,DAERAH ISTIMEWA YOGYAKARTA
PBLSUR,JAWA TIMUR
SBYAMB,JAWA TIMUR
SMGMAK,JAWA TENGAH
YYKKRA,DAERAH ISTIMEWA YOGYAKARTA
SKTADI,JAWA TENGAH
SMNNGA,DAERAH ISTIMEWA YOGYAKARTA
TBNBAS,JAWA TIMUR
SDATEU,JAWA TIMUR
SMGSET,JAWA TENGAH
SBYMEN,JAWA TIMUR
CBNTEN,JAWA BARAT
BDGSET,JAWA BARAT
GSKSUD,JAWA TIMUR
BTUSUP,JAWA TIMUR
SMGHAM,JAWA TENGAH
MGGTID,JAWA TENGAH
TGLSUD,JAWA TENGAH
MLGRON,JAWA TIMUR
SBYMAN,JAWA TIMUR
SMGSUD,JAWA TENGAH
PWTSOE,JAWA TENGAH
SMGPAM,JAWA TENGAH
BDGUKU,JAWA BARAT
KWGGAL,JAWA BARAT
MLGSUP,JAWA TIMUR
SBYSOE,JAWA TIMUR
SMGSUK,JAWA TENGAH
BDGPAS,JAWA BARAT
SMGVET,JAWA TENGAH
SKTSLA,JAWA TENGAH
DPKMAR,JAWA BARAT
SBYMAR,JAWA TIMUR
MLGTLO,JAWA TIMUR
MLGMON,JAWA TIMUR
BGRPAD,JAWA BARAT
SKTURI,JAWA TENGAH
SMNMAG,DAERAH ISTIMEWA YOGYAKARTA
KYBTEB,DKI JAKARTA
SBYSUN,JAWA TIMUR
BDGDAG,JAWA BARAT
BKSJUA,JAWA BARAT
CKRTHA,JAWA BARAT
SDAPAB,JAWA TIMUR
BKSJAT,JAWA BARAT
TNGCIL,BANTEN
YYKSON,DAERAH ISTIMEWA YOGYAKARTA
SBYKEN,JAWA TIMUR
BDGGAT,JAWA BARAT
BDGSUR,JAWA BARAT
SMNAFF,DAERAH ISTIMEWA YOGYAKARTA
BDGBUA,JAWA BARAT
PSNSOE,JAWA TIMUR
PWKTAM,JAWA BARAT
BKSBIN,JAWA BARAT
DPKJAS,JAWA BARAT
BGRTAJ,JAWA BARAT
MADSAL,JAWA TIMUR
GSKSUM,JAWA TIMUR
SBYAHM,JAWA TIMUR
BDGNAS,JAWA BARAT
BGRSAP,JAWA BARAT
KYBKES,DKI JAKARTA
CPTPUS,BANTEN
SORTAM,JAWA BARAT
SBYTAN,JAWA TIMUR
BKSGOL,JAWA BARAT
CBNPEM,JAWA BARAT
SDAGEL,JAWA TIMUR
CLPPAR,JAWA TENGAH
SDAPON,JAWA TIMUR
SOLCOL,
CPTCIA,BANTEN
JAKKEB,DKI JAKARTA
DPKSAW,JAWA BARAT
BJNTEU,JAWA TIMUR
KWGAHM,JAWA BARAT
TNGHAS,BANTEN
CMHAMI,JAWA BARAT
CKGBOU,DKI JAKARTA
SURTUN,JAWA TIMUR
SDATAM,JAWA TIMUR
BGRABD,JAWA BARAT
SDABAM,JAWA TIMUR
KDRURI,JAWA TIMUR
CJRSUR,JAWA BARAT
DPKBOJ,JAWA BARAT
JAKKER,DKI JAKARTA
MLGDIR,JAWA TIMUR
KDRKED,JAWA TIMUR
BKSWIB,JAWA BARAT
BKSBAN,JAWA BARAT
BDGSUM,JAWA BARAT
UNRDIP,JAWA TENGAH
BGRSHO,JAWA BARAT
PURBAL,JAWA TENGAH
SMGSOE,JAWA TENGAH
BDGPET,JAWA BARAT
PMKJOK,JAWA TIMUR
CBITEG,JAWA BARAT
SKTVET,JAWA TENGAH
KLNKUS,JAWA TENGAH
KDSSUB,JAWA TENGAH
SMGIMA,JAWA TENGAH
MKSTUN,SULAWESI SELATAN
SBYRAN,JAWA TIMUR
CMHBAR,JAWA BARAT
SBYMUL,JAWA TIMUR
BKSPON,JAWA BARAT
TJPDAN,DKI JAKARTA
CBICIB,JAWA BARAT
CKRTAR,JAWA BARAT
CPTALA,BANTEN
SBYBUN,JAWA TIMUR
SNGOTT,JAWA BARAT
SORKOP,JAWA BARAT
KWGTUP,JAWA BARAT
NPHLEM,JAWA BARAT
MKSAHM,SULAWESI SELATAN
CKGPAH,DKI JAKARTA
CPTCIP,BANTEN
TNGSAL,BANTEN
BKSALT,JAWA BARAT
SDAIMA,JAWA TIMUR
CMSAHM,JAWA BARAT
SDABRI,JAWA TIMUR
LMGSUD,JAWA TIMUR
CKGBIN,DKI JAKARTA
CPTJUA,BANTEN
BGRPAH,JAWA BARAT
SPASIL,JAWA BARAT
MKSPET,SULAWESI SELATAN
SMGWOL,JAWA TENGAH
GGPDAA,DKI JAKARTA
TNACEM,DKI JAKARTA
MKSPER,SULAWESI SELATAN
TGRHAR,BANTEN
DPKPAR,JAWA BARAT
CBIMAY,JAWA BARAT
MAKSUM,SULAWESI SELATAN
SPAYUD,JAWA BARAT
KYBFAT,DKI JAKARTA
CKGINT,DKI JAKARTA
KYBLEN,DKI JAKARTA
PBGHAR,JAWA TENGAH
GRTPRA,JAWA BARAT
TNAMAN,DKI JAKARTA
KYBKEM,DKI JAKARTA
GGPPAN,DKI JAKARTA
CPTPON,BANTEN
BDGTER,JAWA BARAT
SORBOJ,JAWA BARAT
MKSRAT,SULAWESI SELATAN
JAKSAT,DKI JAKARTA
KYBAMP,DKI JAKARTA
BPPMUL,KALIMANTAN TIMUR
MKSPEN,SULAWESI SELATAN
TJPGUN,DKI JAKARTA
BPPHAR,KALIMANTAN TIMUR
TGRKUT,BANTEN
NPHCIB,JAWA BARAT
SORLAS,JAWA BARAT
MKSPOR,SULAWESI SELATAN
SMDJAT,JAWA BARAT
KYBCIL,DKI JAKARTA
SMDABD,JAWA BARAT
CKGOTI,DKI JAKARTA
BJRLAP,JAWA BARAT
TNGMER,BANTEN
SBRTUP,JAWA BARAT
BDGSOE,JAWA BARAT
BKSJAI,JAWA BARAT
BGRBAT,JAWA BARAT
PTIPEM,JAWA TENGAH
MJLABD,JAWA BARAT
SMRYAM,KALIMANTAN TIMUR
JPAVET,JAWA TENGAH
MKSALA,SULAWESI SELATAN
SBYDIP,JAWA TIMUR
CKGUTA,DKI JAKARTA
TNATHA,DKI JAKARTA
GGPTOM,DKI JAKARTA
CBIKOT,
BDGMAG,JAWA BARAT
TNGHUS,BANTEN
CBICIL,JAWA BARAT
TNABEN,
BKSMUT,JAWA BARAT
SMRAHM,KALIMANTAN TIMUR
CPTBOU,BANTEN
KBMSAR,JAWA TENGAH
MLGSOE,JAWA TIMUR
WNGSUD,JAWA TENGAH
KWGTEL,JAWA BARAT
BYWSUT,JAWA TIMUR
GGPJAT,DKI JAKARTA
BKSPEK,JAWA BARAT
PMLSUD,JAWA TENGAH
BJMHAS,KALIMANTAN SELATAN
SRGSUD,JAWA BARAT
BKLNAS,JAWA TIMUR
CPTSET,BANTEN
TGRBIN,BANTEN
TNAPRO,DKI JAKARTA
PBUISK,KALIMANTAN TENGAH
TGRSIM,BANTEN
BLKSAM,SULAWESI SELATAN
CPTCIR,BANTEN
CKGPUL,DKI JAKARTA
CPTSOE,BANTEN
CBIPUN,JAWA BARAT
MKSVIL,SULAWESI SELATAN
IDMPAN,JAWA BARAT
SLWBAN,JAWA TENGAH
BONIMA,KALIMANTAN TIMUR
Depo,JAWA TENGAH
DCKYBKEB,DKI JAKARTA
DCBDGGAT,JAWA BARAT
DCMKSSUT,SULAWESI SELATAN
DCTJPKIR,DKI JAKARTA
DCBPPSYA,KALIMANTAN TIMUR
DCBJMBAN,KALIMANTAN SELATAN
RMCK1,JAWA TIMUR
PRDCK1,JAWA TIMUR
WHCK1,JAWA TIMUR
RMSULFAT,JAWA TIMUR
PRDSULFAT,JAWA TIMUR
EQSULFAT,JAWA TIMUR
RMCK2,JAWA TIMUR
PRDCK2,JAWA TIMUR
WHCK2,JAWA TIMUR
EQSINGO,JAWA TIMUR
RMCK3,JAWA BARAT
PRDCK3,JAWA BARAT
WHCK3,JAWA BARAT
MBS-CK,BALI
BALI1,BALI
BALI2,BALI
BALI3,BALI
BALI4,BALI
BALI5,BALI
BALI6,BALI
BALI7,BALI
BALI8,BALI
BALI9,BALI
BALI10,BALI
BALI11,BALI
BALI12,BALI
BACAN,BALI
BAKED,BALI
MEMAN,SUMATERA UTARA
BANEG,BALI
BAGIN,BALI
MEDKAR,SUMATERA UTARA
MEDMON,SUMATERA UTARA
MEDMAR,SUMATERA UTARA
PALDAH,SUMATERA SELATAN
PEKPAN,RIAU
PPnA-CK,JAWA TENGAH
SLT,JAWA TENGAH
PKL,JAWA TENGAH
PKLIMA,JAWA TENGAH
SUKUN,JAWA TIMUR
DIENG,JAWA TIMUR
POKANG,JAWA TIMUR
DMC,JAWA TIMUR
BMI,JAWA TIMUR
PER,JAWA TIMUR
IT,JAWA TIMUR
CKMLGARD,JAWA TIMUR
DCSMGMUR,JAWA TENGAH
CKMLGSUJ,JAWA TIMUR
